period_name,Totaal huwelijkssluitingen,Huwende mannen,Huwende vrouwen,scheidende mannen,scheidende vrouwen,Verweduwende mannen,Verweduwende vrouwen
pre_crisis_years,60571.92857142858,64978.57142857143,63341.71428571429,30373.857142857145,31390.214285714283,18811.85714285714,38479.142857142855
crisis_years,57632.3,62065.500000000015,60380.600000000006,30527.199999999993,31581.699999999997,19316.4,38869.2
post_years,55609.833333333336,59765.33333333334,58022.16666666667,29708.166666666668,30796.999999999996,20017.833333333336,39874.5
